type,features
FeatureCollection,"{'type': 'Feature', 'id': 'node/7721321841', 'properties': {'access': 'yes', 'defibrillator:location': 'Haupteingang MZA', 'description': '24h verfügbar', 'emergency': 'defibrillator', 'emergency:phone': '144', 'indoor': 'no', 'opening_hours': '24/7', 'operator': 'Gemeinde Schönengrund', 'phone': '+41 71 361 18 18', 'id': 'node/7721321841'}, 'geometry': {'type': 'Point', 'coordinates': [9.2276581, 47.3275656]}}"
FeatureCollection,"{'type': 'Feature', 'id': 'node/7721412122', 'properties': {'access': 'yes', 'defibrillator:location': 'Im Hallenbad', 'description': 'nur während Öffnungszeiten verfügbar', 'emergency': 'defibrillator', 'emergency:phone': '144', 'id': 'node/7721412122'}, 'geometry': {'type': 'Point', 'coordinates': [9.4470218, 47.4117428]}}"
FeatureCollection,"{'type': 'Feature', 'id': 'node/7721412123', 'properties': {'access': 'yes', 'defibrillator:location': 'Haupteingang Kirche innen rechts', 'emergency': 'defibrillator', 'emergency:phone': '144', 'indoor': 'yes', 'operator': 'Gemeinde Speicher', 'id': 'node/7721412123'}, 'geometry': {'type': 'Point', 'coordinates': [9.4427785, 47.4130189]}}"
FeatureCollection,"{'type': 'Feature', 'id': 'node/7721412124', 'properties': {'access': 'yes', 'defibrillator:location': 'Haupteingang Turnhalle, innen links', 'description': 'während Schulbetrieb verfügbar', 'emergency': 'defibrillator', 'emergency:phone': '144', 'id': 'node/7721412124'}, 'geometry': {'type': 'Point', 'coordinates': [9.447282, 47.4103325]}}"
FeatureCollection,"{'type': 'Feature', 'id': 'node/7721412125', 'properties': {'access': 'yes', 'defibrillator:location': 'Haupteingang Turnhalle, innen links', 'description': 'während Schulbetrieb verfügbar', 'emergency': 'defibrillator', 'emergency:phone': '144', 'id': 'node/7721412125'}, 'geometry': {'type': 'Point', 'coordinates': [9.4454205, 47.4096663]}}"
FeatureCollection,"{'type': 'Feature', 'id': 'node/7723952726', 'properties': {'access': 'yes', 'defibrillator:location': 'Links neben Eingang Blumenladen', 'description': 'Öffentlich zugänglich', 'emergency': 'defibrillator', 'emergency:phone': '144', 'opening_hours': '24/7', 'id': 'node/7723952726'}, 'geometry': {'type': 'Point', 'coordinates': [9.4524586, 47.3615782]}}"
FeatureCollection,"{'type': 'Feature', 'id': 'node/7724074016', 'properties': {'access': 'yes', 'defibrillator:location': 'Kleines Holzgebäude gegenüber Passhöhe Kreuzung, Rechts unter Vordach', 'description': 'Öffentlich zugänglich', 'emergency': 'defibrillator', 'emergency:phone': '144', 'opening_hours': '24/7', 'id': 'node/7724074016'}, 'geometry': {'type': 'Point', 'coordinates': [9.3082778, 47.2561768]}}"
FeatureCollection,"{'type': 'Feature', 'id': 'node/7727095743', 'properties': {'access': 'yes', 'defibrillator:location': 'Gemeindeverwaltung', 'emergency': 'defibrillator', 'emergency:phone': '144', 'id': 'node/7727095743'}, 'geometry': {'type': 'Point', 'coordinates': [9.2470872, 47.3542957]}}"
FeatureCollection,"{'type': 'Feature', 'id': 'node/7727112233', 'properties': {'access': 'yes', 'defibrillator:location': 'Längliches Holzgebäude, Kiosk neben Sportplatz, An der Wand', 'description': 'Öffentlich zugänglich', 'emergency': 'defibrillator', 'emergency:phone': '144', 'opening_hours': '24/7', 'id': 'node/7727112233'}, 'geometry': {'type': 'Point', 'coordinates': [9.3943378, 47.3904345]}}"
FeatureCollection,"{'type': 'Feature', 'id': 'node/7813190775', 'properties': {'access': 'private', 'defibrillator:location': 'Der Defi befindet sich im Eingangsbereich in einem Notfallschrank mit dem Rettungszeichen versehen.', 'description': 'während Öffnungszeiten verfügbar', 'emergency': 'defibrillator', 'emergency:phone': '144', 'indoor': 'yes', 'operator': 'update Fitness', 'id': 'node/7813190775'}, 'geometry': {'type': 'Point', 'coordinates': [9.3914437, 47.3893105]}}"
FeatureCollection,"{'type': 'Feature', 'id': 'node/7865079872', 'properties': {'access': 'yes', 'defibrillator:location': 'UG rechts vor grossem Saal', 'description': 'während Öffnungszeiten verfügbar', 'emergency': 'defibrillator', 'emergency:phone': '144', 'id': 'node/7865079872'}, 'geometry': {'type': 'Point', 'coordinates': [9.4822392, 47.4274068]}}"
FeatureCollection,"{'type': 'Feature', 'id': 'node/7865178337', 'properties': {'access': 'permissive', 'defibrillator:location': 'Go through main entrance, turn left, go through second glass door. It is just to your right, wall mounted. Beim Foyer an Wand rechts bei Glasschiebetüre', 'description': 'während Öffnungszeiten verfügbar', 'emergency': 'defibrillator', 'emergency:phone': '144', 'indoor': 'yes', 'opening_hours': 'May-Oct: Mo-Su 09:00-18:30; Nov-Apr: Mo-Su 09:00-17:30', 'opening_hours:note': 'December 25th closed', 'wheelchair': 'yes', 'id': 'node/7865178337'}, 'geometry': {'type': 'Point', 'coordinates': [9.3447421, 47.3732597]}}"
FeatureCollection,"{'type': 'Feature', 'id': 'node/7865216842', 'properties': {'access': 'yes', 'defibrillator:location': 'Haupteingang', 'description': 'während Öffnungszeiten verfügbar', 'emergency': 'defibrillator', 'emergency:phone': '144', 'id': 'node/7865216842'}, 'geometry': {'type': 'Point', 'coordinates': [9.592942, 47.4558281]}}"
FeatureCollection,"{'type': 'Feature', 'id': 'node/7865216843', 'properties': {'access': 'yes', 'defibrillator:location': 'Schwimmbadeingang vis-a-vis Kasse', 'description': 'AED ist 24h verfügbar', 'emergency': 'defibrillator', 'emergency:phone': '144', 'opening_hours': '24/7', 'id': 'node/7865216843'}, 'geometry': {'type': 'Point', 'coordinates': [9.5967199, 47.4467947]}}"
FeatureCollection,"{'type': 'Feature', 'id': 'node/7933385449', 'properties': {'access': 'yes', 'defibrillator:location': 'Haupteingang Schulhaus / Turnhalle', 'description': 'Öffentlich zugänglich', 'emergency': 'defibrillator', 'emergency:phone': '144', 'opening_hours': '24/7', 'id': 'node/7933385449'}, 'geometry': {'type': 'Point', 'coordinates': [9.456089, 47.3609931]}}"
FeatureCollection,"{'type': 'Feature', 'id': 'node/7933385450', 'properties': {'access': 'yes', 'defibrillator:location': 'neben Eingang Hotel Krone', 'description': 'Öffentlich zugänglich', 'emergency': 'defibrillator', 'emergency:phone': '144', 'opening_hours': '24/7', 'id': 'node/7933385450'}, 'geometry': {'type': 'Point', 'coordinates': [9.4534725, 47.3624257]}}"
FeatureCollection,"{'type': 'Feature', 'id': 'node/7933385451', 'properties': {'access': 'yes', 'defibrillator:location': 'Diensteingang Depot 1 in der Grubenhalle', 'description': 'Öffentlich zugänglich', 'emergency': 'defibrillator', 'emergency:phone': '144', 'opening_hours': '24/7', 'id': 'node/7933385451'}, 'geometry': {'type': 'Point', 'coordinates': [9.4498488, 47.3594906]}}"
FeatureCollection,"{'type': 'Feature', 'id': 'node/7933385452', 'properties': {'access': 'yes', 'defibrillator:location': 'An der Hauswand des Blumenladen', 'description': 'Öffentlich zugänglich', 'emergency': 'defibrillator', 'emergency:phone': '144', 'indoor': 'no', 'opening_hours': '24/7', 'id': 'node/7933385452'}, 'geometry': {'type': 'Point', 'coordinates': [9.453774899999999, 47.3625874]}}"
FeatureCollection,"{'type': 'Feature', 'id': 'node/7933385453', 'properties': {'access': 'yes', 'defibrillator:location': 'Im Innenraum Foyer des Oberstufenzentrum', 'description': 'Öffentlich zugänglich', 'emergency': 'defibrillator', 'emergency:phone': '144', 'opening_hours': '24/7', 'id': 'node/7933385453'}, 'geometry': {'type': 'Point', 'coordinates': [9.4543254, 47.3600011]}}"
FeatureCollection,"{'type': 'Feature', 'id': 'node/7933423093', 'properties': {'access': 'yes', 'defibrillator:location': 'Beim Schulhauseingang / an der Hauptstrasse', 'description': '24h verfügbar', 'emergency': 'defibrillator', 'emergency:phone': '144', 'indoor': 'no', 'opening_hours': '24/7', 'operator': 'Gemeinde Grub AR', 'phone': '+41 71 891 17 50', 'id': 'node/7933423093'}, 'geometry': {'type': 'Point', 'coordinates': [9.5087434, 47.4475829]}}"
FeatureCollection,"{'type': 'Feature', 'id': 'node/7933574723', 'properties': {'access': 'yes', 'defibrillator:location': 'Diensteingang Lokremise', 'description': 'während Öffnungszeiten verfügbar', 'emergency': 'defibrillator', 'emergency:phone': '144', 'id': 'node/7933574723'}, 'geometry': {'type': 'Point', 'coordinates': [9.53668, 47.4464147]}}"
FeatureCollection,"{'type': 'Feature', 'id': 'node/7933667789', 'properties': {'access': 'yes', 'defibrillator:location': 'Über den Haupteingang oberster Stock', 'description': 'während Öffnungszeiten verfügbar', 'emergency': 'defibrillator', 'emergency:phone': '144', 'id': 'node/7933667789'}, 'geometry': {'type': 'Point', 'coordinates': [9.2800409, 47.392303]}}"
FeatureCollection,"{'type': 'Feature', 'id': 'node/7933667790', 'properties': {'access': 'yes', 'defibrillator:location': 'Kirchgemeinde', 'description': 'während Öffnungszeiten verfügbar', 'emergency': 'defibrillator', 'emergency:phone': '144', 'id': 'node/7933667790'}, 'geometry': {'type': 'Point', 'coordinates': [9.2793837, 47.3858524]}}"
FeatureCollection,"{'type': 'Feature', 'id': 'node/7933697359', 'properties': {'access': 'yes', 'defibrillator:location': 'Im Schulhaus', 'description': 'während Öffnungszeiten verfügbar', 'emergency': 'defibrillator', 'emergency:phone': '144', 'id': 'node/7933697359'}, 'geometry': {'type': 'Point', 'coordinates': [9.3131903, 47.3579025]}}"
FeatureCollection,"{'type': 'Feature', 'id': 'node/7933782372', 'properties': {'access': 'yes', 'defibrillator:location': 'bei Truppenunterkunft', 'description': 'während Öffnungszeiten verfügbar', 'emergency': 'defibrillator', 'emergency:phone': '144', 'opening_hours': '24/7', 'id': 'node/7933782372'}, 'geometry': {'type': 'Point', 'coordinates': [9.3088062, 47.2558728]}}"
FeatureCollection,"{'type': 'Feature', 'id': 'node/7933782681', 'properties': {'access': 'yes', 'defibrillator:location': 'Haupteingang Erdgeschoss Hotel', 'description': 'während Öffnungszeiten verfügbar', 'emergency': 'defibrillator', 'emergency:phone': '144', 'opening_hours': 'Mo-Su 07:00-22:00', 'id': 'node/7933782681'}, 'geometry': {'type': 'Point', 'coordinates': [9.3186754, 47.2565018]}}"
FeatureCollection,"{'type': 'Feature', 'id': 'node/7933865232', 'properties': {'access': 'yes', 'defibrillator:location': 'Ärztezentrum Linde beim Empfang', 'description': 'während Öffnungszeiten verfügbar', 'emergency': 'defibrillator', 'emergency:phone': '144', 'indoor': 'yes', 'operator': 'Ärztezentrum Linde', 'id': 'node/7933865232'}, 'geometry': {'type': 'Point', 'coordinates': [9.4403471, 47.4125497]}}"
FeatureCollection,"{'type': 'Feature', 'id': 'node/7933865233', 'properties': {'access': 'yes', 'defibrillator:location': 'Mobiliar Versicherung', 'description': 'während Öffnungszeiten verfügbar', 'emergency': 'defibrillator', 'emergency:phone': '144', 'id': 'node/7933865233'}, 'geometry': {'type': 'Point', 'coordinates': [9.4466516, 47.4077267]}}"
FeatureCollection,"{'type': 'Feature', 'id': 'node/7933865234', 'properties': {'access': 'yes', 'defibrillator:location': 'Buchensaal', 'description': 'während Öffnungszeiten verfügbar', 'emergency': 'defibrillator', 'emergency:phone': '144', 'id': 'node/7933865234'}, 'geometry': {'type': 'Point', 'coordinates': [9.4470231, 47.4117914]}}"
FeatureCollection,"{'type': 'Feature', 'id': 'node/7933865235', 'properties': {'access': 'yes', 'defibrillator:location': 'Diensteingang Werkstatt', 'description': 'während Öffnungszeiten verfügbar', 'emergency': 'defibrillator', 'emergency:phone': '144', 'id': 'node/7933865235'}, 'geometry': {'type': 'Point', 'coordinates': [9.4435295, 47.4099277]}}"
FeatureCollection,"{'type': 'Feature', 'id': 'node/7933881642', 'properties': {'access': 'yes', 'defibrillator:location': 'MFK: Er hängt an der Wand im Erdgeschoss hinten links vor der Treppe.', 'description': 'während Öffnungszeiten verfügbar', 'emergency': 'defibrillator', 'emergency:phone': '144', 'opening_hours': 'Mo-Fr 07:30-12:00, 13:30-17:00', 'operator': 'Amt für Immobilien, Obstmarkt 1, Herisau', 'phone': '+41 71 353 65 82', 'id': 'node/7933881642'}, 'geometry': {'type': 'Point', 'coordinates': [9.4649724, 47.4081224]}}"
FeatureCollection,"{'type': 'Feature', 'id': 'node/7933908932', 'properties': {'access': 'yes', 'defibrillator:location': 'MZA', 'description': 'während Öffnungszeiten verfügbar', 'emergency': 'defibrillator', 'emergency:phone': '144', 'id': 'node/7933908932'}, 'geometry': {'type': 'Point', 'coordinates': [9.60329, 47.4512685]}}"
FeatureCollection,"{'type': 'Feature', 'id': 'node/7933908933', 'properties': {'access': 'yes', 'defibrillator:location': 'Feuerwehr im TLF', 'description': 'während Öffnungszeiten verfügbar', 'emergency': 'defibrillator', 'emergency:phone': '144', 'id': 'node/7933908933'}, 'geometry': {'type': 'Point', 'coordinates': [9.2840803, 47.3573311]}}"
FeatureCollection,"{'type': 'Feature', 'id': 'node/7933908935', 'properties': {'access': 'yes', 'defibrillator:location': 'beim Haupteingang', 'description': 'während Öffnungszeiten verfügbar', 'emergency': 'defibrillator', 'emergency:phone': '144', 'id': 'node/7933908935'}, 'geometry': {'type': 'Point', 'coordinates': [9.2873928, 47.3177131]}}"
FeatureCollection,"{'type': 'Feature', 'id': 'node/7954053185', 'properties': {'emergency': 'defibrillator', 'emergency:phone': '144', 'indoor': 'yes', 'opening_hours': 'Mo-Fr 08:30-12:00,13:30-17:00', 'id': 'node/7954053185'}, 'geometry': {'type': 'Point', 'coordinates': [9.280556, 47.3858939]}}"
FeatureCollection,"{'type': 'Feature', 'id': 'node/7959269201', 'properties': {'access': 'yes', 'defibrillator:location': 'bei Stiftung Helimission e.V. gegenüber Eingang Büro', 'description': '24h verfügbar', 'emergency': 'defibrillator', 'emergency:phone': '144', 'opening_hours': '24/7', 'operator': 'Helimission', 'id': 'node/7959269201'}, 'geometry': {'type': 'Point', 'coordinates': [9.4733714, 47.4088425]}}"
FeatureCollection,"{'type': 'Feature', 'id': 'node/7959510897', 'properties': {'emergency': 'defibrillator', 'emergency:phone': '144', 'indoor': 'yes', 'id': 'node/7959510897'}, 'geometry': {'type': 'Point', 'coordinates': [9.2897036, 47.3898892]}}"
FeatureCollection,"{'type': 'Feature', 'id': 'node/8382783717', 'properties': {'access': 'yes', 'defibrillator:location': 'Perron Gleis 1', 'description': '24h verfügbar', 'emergency': 'defibrillator', 'emergency:phone': '144', 'indoor': 'no', 'opening_hours': '24/7', 'operator': 'SOB', 'phone': '+41 58 580 73 35', 'id': 'node/8382783717'}, 'geometry': {'type': 'Point', 'coordinates': [9.2760528, 47.3899247]}}"
FeatureCollection,"{'type': 'Feature', 'id': 'node/8382783718', 'properties': {'access': 'yes', 'defibrillator:location': 'Korridor EG', 'description': 'nur während Bürozeiten verfügbar', 'emergency': 'defibrillator', 'emergency:phone': '144', 'indoor': 'yes', 'operator': 'SOB', 'phone': '+41 58 580 73 35', 'id': 'node/8382783718'}, 'geometry': {'type': 'Point', 'coordinates': [9.278423, 47.3906211]}}"
FeatureCollection,"{'type': 'Feature', 'id': 'node/8382783719', 'properties': {'access': 'yes', 'defibrillator:location': 'Sitzungszimmer Säntis', 'description': 'nur während Büroöffnungszeiten verfügbar', 'emergency': 'defibrillator', 'emergency:phone': '144', 'indoor': 'yes', 'operator': 'SOB', 'phone': '+41 58 580 73 35', 'id': 'node/8382783719'}, 'geometry': {'type': 'Point', 'coordinates': [9.2757821, 47.3897357]}}"
FeatureCollection,"{'type': 'Feature', 'id': 'node/8529631396', 'properties': {'emergency': 'defibrillator', 'emergency:phone': '144', 'indoor': 'yes', 'opening_hours': '24/7', 'id': 'node/8529631396'}, 'geometry': {'type': 'Point', 'coordinates': [9.2839222, 47.386856]}}"
FeatureCollection,"{'type': 'Feature', 'id': 'node/8557314142', 'properties': {'access': 'no', 'defibrillator:location': 'Beim Empfang im Erdgeschoss', 'description': '24h verfügbar', 'emergency': 'defibrillator', 'emergency:phone': '144', 'indoor': 'yes', 'opening_hours': '24/7', 'operator': 'Sefar AG', 'phone': '+41 71 898 58 88', 'id': 'node/8557314142'}, 'geometry': {'type': 'Point', 'coordinates': [9.5325346, 47.4404964]}}"
FeatureCollection,"{'type': 'Feature', 'id': 'node/8557335054', 'properties': {'access': 'yes', 'defibrillator:location': 'AED im Eingangsbereich', 'emergency': 'defibrillator', 'emergency:phone': '144', 'indoor': 'yes', 'opening_hours': 'Mo-Fr 08:00-23:00, Sa 09:00-23:00', 'id': 'node/8557335054'}, 'geometry': {'type': 'Point', 'coordinates': [9.2780694, 47.384588]}}"
FeatureCollection,"{'type': 'Feature', 'id': 'node/8569916017', 'properties': {'access': 'yes', 'defibrillator:location': 'Schulhaus Wald, Eingang Turnhalle', 'description': 'Der Defibrillator ist rund um die Uhr von aussen, vor dem Eingang der Turnhalle zugänglich. ', 'emergency': 'defibrillator', 'emergency:phone': '144', 'indoor': 'no', 'opening_hours': '24/7', 'operator': 'Gemeinde Wald', 'id': 'node/8569916017'}, 'geometry': {'type': 'Point', 'coordinates': [9.492073, 47.4157887]}}"
FeatureCollection,"{'type': 'Feature', 'id': 'node/8840728618', 'properties': {'access': 'yes', 'defibrillator:location': 'Kantonsschule Trogen, Schulhaus ""Arche"" ', 'description': 'Bei Treppenaufgang im Haupteingang links an der Wand', 'emergency': 'defibrillator', 'emergency:phone': '144', 'indoor': 'yes', 'opening_hours': 'Mo-Fr: 07:00 - 18:00', 'operator': 'Kantonsschule Trogen ', 'phone': '+41 71 343 61 11', 'id': 'node/8840728618'}, 'geometry': {'type': 'Point', 'coordinates': [9.4601844, 47.4081237]}}"
FeatureCollection,"{'type': 'Feature', 'id': 'node/8864826661', 'properties': {'access': 'yes', 'defibrillator:location': 'Erdgeschoss bei der 24h Zone', 'description': '24h verfügbar', 'emergency': 'defibrillator', 'emergency:phone': '144', 'indoor': 'yes', 'opening_hours': '24/7', 'operator': 'Raiffeisenbank Appenzeller Hinterland', 'phone': '+41 71 354 80 60', 'id': 'node/8864826661'}, 'geometry': {'type': 'Point', 'coordinates': [9.2839753, 47.3177824]}}"
FeatureCollection,"{'type': 'Feature', 'id': 'node/8864833139', 'properties': {'access': 'yes', 'defibrillator:location': 'Erdgeschoss bei der 24h Zone', 'description': '24h verfügbar', 'emergency': 'defibrillator', 'emergency:phone': '144', 'indoor': 'yes', 'opening_hours': '24/7', 'operator': 'Raiffeisenbank Appenzeller Hinterland', 'phone': '+41 71 354 80 60', 'id': 'node/8864833139'}, 'geometry': {'type': 'Point', 'coordinates': [9.2785466, 47.3860539]}}"
FeatureCollection,"{'type': 'Feature', 'id': 'node/8864838091', 'properties': {'access': 'yes', 'defibrillator:location': 'Erdgeschoss bei der 24h Zone', 'description': '24h verfügbar', 'emergency': 'defibrillator', 'emergency:phone': '144', 'indoor': 'yes', 'opening_hours': '24/7', 'operator': 'Raiffeisenbank Appenzeller Hinterland', 'phone': '+41 71 354 80 60', 'id': 'node/8864838091'}, 'geometry': {'type': 'Point', 'coordinates': [9.2848505, 47.3574527]}}"
FeatureCollection,"{'type': 'Feature', 'id': 'node/8868396817', 'properties': {'access': 'yes', 'defibrillator:location': 'Bengtson Zahnmedizin, bei Empfang', 'description': 'Während Öffnungszeiten', 'emergency': 'defibrillator', 'emergency:phone': '144', 'indoor': 'yes', 'operator': 'Praxis', 'phone': '+41 71 344 22 66', 'id': 'node/8868396817'}, 'geometry': {'type': 'Point', 'coordinates': [9.4382968, 47.413868]}}"
FeatureCollection,"{'type': 'Feature', 'id': 'node/9138626317', 'properties': {'access': 'no', 'defibrillator:location': 'Haus A, Tan 840, Wienacht-Tobel AR, EG, Eingang im Treppenhaus neben Heizkörper', 'description': 'Tags/Nachts evt. an jeder Klingel Drücken', 'emergency': 'defibrillator', 'emergency:phone': '144', 'indoor': 'yes', 'operator': 'STWEG Tan 840, Mike Etter, Roland Beleffi', 'phone': '+41786003641', 'id': 'node/9138626317'}, 'geometry': {'type': 'Point', 'coordinates': [9.5288476, 47.4622481]}}"
FeatureCollection,"{'type': 'Feature', 'id': 'node/9215557997', 'properties': {'access': 'no', 'defibrillator:location': 'Appenzeller Heilbad im Fitnesscenter', 'description': 'während Öffnungszeiten verfügbar', 'emergency': 'defibrillator', 'emergency:phone': '144', 'indoor': 'yes', 'operator': 'Appenzeller Heilbad, Marlene Kellenberger, Postfach 131, 9410 Heiden', 'phone': '+41 71 898 33 88', 'id': 'node/9215557997'}, 'geometry': {'type': 'Point', 'coordinates': [9.5160904, 47.4309339]}}"
FeatureCollection,"{'type': 'Feature', 'id': 'node/9329074717', 'properties': {'access': 'no', 'defibrillator:location': 'In Berit Klinik im 1. UG Richtung Therapiebad', 'description': 'Tagsüber offen', 'emergency': 'defibrillator', 'emergency:phone': '144', 'indoor': 'yes', 'opening_hours': '7-20', 'operator': 'Berit Klinik', 'phone': '+41713350606', 'id': 'node/9329074717'}, 'geometry': {'type': 'Point', 'coordinates': [9.4375127, 47.4153478]}}"
FeatureCollection,"{'type': 'Feature', 'id': 'node/9355814377', 'properties': {'access': 'yes', 'defibrillator:location': 'Altes Feuerwehrhaus Dorf, Aussenstandort, rechts neben Haupteingang', 'description': '24h verfügbar', 'emergency': 'defibrillator', 'emergency:phone': '144', 'indoor': 'no', 'opening_hours': '24/7', 'operator': 'Gemeinde Teufen', 'phone': '+41 71 333 55 03', 'id': 'node/9355814377'}, 'geometry': {'type': 'Point', 'coordinates': [9.3877731, 47.3897291]}}"
FeatureCollection,"{'type': 'Feature', 'id': 'node/9355814378', 'properties': {'access': 'yes', 'defibrillator:location': 'Werkhof Forstamt Aussenstandort, Gebäudemitte', 'description': '24h verfügbar', 'emergency': 'defibrillator', 'emergency:phone': '144', 'indoor': 'no', 'opening_hours': '24/7', 'operator': 'Gemeinde Teufen', 'phone': '+41 71 333 55 03', 'id': 'node/9355814378'}, 'geometry': {'type': 'Point', 'coordinates': [9.3849957, 47.3884652]}}"
FeatureCollection,"{'type': 'Feature', 'id': 'node/9355814379', 'properties': {'access': 'yes', 'defibrillator:location': 'WC-Haus Aussenstandort, gegen Rasenplatz', 'description': '24h verfügbar', 'emergency': 'defibrillator', 'emergency:phone': '144', 'indoor': 'no', 'opening_hours': '24/7', 'operator': 'Gemeinde Teufen', 'phone': '+41 71 333 55 03', 'id': 'node/9355814379'}, 'geometry': {'type': 'Point', 'coordinates': [9.3933315, 47.3866456]}}"
FeatureCollection,"{'type': 'Feature', 'id': 'node/9355814381', 'properties': {'access': 'yes', 'defibrillator:location': 'Turnhalle Niederteufen Aussenstandort, links vor dem Haupteingang', 'description': '24h verfügbar', 'emergency': 'defibrillator', 'emergency:phone': '144', 'indoor': 'no', 'opening_hours': '24/7', 'operator': 'Gemeinde Teufen', 'phone': '+41 71 333 55 03', 'id': 'node/9355814381'}, 'geometry': {'type': 'Point', 'coordinates': [9.3637177, 47.3943348]}}"
FeatureCollection,"{'type': 'Feature', 'id': 'node/9355814382', 'properties': {'access': 'no', 'defibrillator:location': 'Gemeindeverwaltung Front-Office, EG', 'description': 'während Öffnungszeiten verfügbar', 'emergency': 'defibrillator', 'emergency:phone': '144', 'indoor': 'yes', 'opening_hours': 'Mo-Th 08:30-11:30, 14:00-17:00; Fr 08:30-11:30, 14:00-16:00', 'operator': 'Gemeinde Teufen', 'phone': '+41 71 333 55 03', 'id': 'node/9355814382'}, 'geometry': {'type': 'Point', 'coordinates': [9.3875438, 47.3904272]}}"
FeatureCollection,"{'type': 'Feature', 'id': 'node/9355814383', 'properties': {'access': 'no', 'defibrillator:location': 'Turnhalle Dorf Vorraum Turnhalle, rechts nach dem Eingang', 'description': 'während Öffnungszeiten verfügbar', 'emergency': 'defibrillator', 'emergency:phone': '144', 'indoor': 'yes', 'operator': 'Gemeinde Teufen', 'phone': '+41 71 333 55 03', 'id': 'node/9355814383'}, 'geometry': {'type': 'Point', 'coordinates': [9.3855053, 47.3915222]}}"
FeatureCollection,"{'type': 'Feature', 'id': 'node/9355814384', 'properties': {'access': 'no', 'defibrillator:location': 'Sekschulhaus Hörli Lehrerzimmer, neues Hörli', 'description': 'während Öffnungszeiten verfügbar', 'emergency': 'defibrillator', 'emergency:phone': '144', 'indoor': 'yes', 'operator': 'Gemeinde Teufen', 'phone': '+41 71 333 55 03', 'id': 'node/9355814384'}, 'geometry': {'type': 'Point', 'coordinates': [9.3868196, 47.3919652]}}"
FeatureCollection,"{'type': 'Feature', 'id': 'node/9355814385', 'properties': {'access': 'no', 'defibrillator:location': 'Lindensaal Kasten vor dem Office', 'description': 'während Öffnungszeiten verfügbar', 'emergency': 'defibrillator', 'emergency:phone': '144', 'indoor': 'yes', 'operator': 'Gemeinde Teufen', 'phone': '+41 71 333 55 03', 'id': 'node/9355814385'}, 'geometry': {'type': 'Point', 'coordinates': [9.3927084, 47.3870151]}}"
FeatureCollection,"{'type': 'Feature', 'id': 'node/9355814386', 'properties': {'access': 'no', 'defibrillator:location': 'Primarschulhaus Landhaus Nach dem Haupteingang rechts', 'description': 'während Öffnungszeiten verfügbar', 'emergency': 'defibrillator', 'emergency:phone': '144', 'indoor': 'yes', 'operator': 'Gemeinde Teufen', 'phone': '+41 71 333 55 03', 'id': 'node/9355814386'}, 'geometry': {'type': 'Point', 'coordinates': [9.3935466, 47.3905961]}}"
FeatureCollection,"{'type': 'Feature', 'id': 'node/9355814387', 'properties': {'access': 'no', 'defibrillator:location': 'Sporthalle Landhaus Geräteraum links', 'description': 'während Öffnungszeiten verfügbar', 'emergency': 'defibrillator', 'emergency:phone': '144', 'indoor': 'yes', 'operator': 'Gemeinde Teufen', 'phone': '+41 71 333 55 03', 'id': 'node/9355814387'}, 'geometry': {'type': 'Point', 'coordinates': [9.392817, 47.3896773]}}"
FeatureCollection,"{'type': 'Feature', 'id': 'node/9355814388', 'properties': {'access': 'no', 'defibrillator:location': 'Turnhalle Landhaus Nach dem Haupteingang rechts', 'description': 'während Öffnungszeiten verfügbar', 'emergency': 'defibrillator', 'emergency:phone': '144', 'indoor': 'yes', 'operator': 'Gemeinde Teufen', 'phone': '+41 71 333 55 03', 'id': 'node/9355814388'}, 'geometry': {'type': 'Point', 'coordinates': [9.3934607, 47.3901712]}}"
FeatureCollection,"{'type': 'Feature', 'id': 'node/9355814389', 'properties': {'access': 'no', 'defibrillator:location': 'Freibad Teufen Sanitätsraum Freibad, beim Büro Bademeister', 'description': 'während Öffnungszeiten verfügbar', 'emergency': 'defibrillator', 'emergency:phone': '144', 'indoor': 'yes', 'operator': 'Gemeinde Teufen', 'phone': '+41 71 333 55 03', 'id': 'node/9355814389'}, 'geometry': {'type': 'Point', 'coordinates': [9.3944102, 47.3838353]}}"
FeatureCollection,"{'type': 'Feature', 'id': 'node/9508202117', 'properties': {'access': 'yes', 'defibrillator:location': 'Schopfrückwand, Weg zur Schule', 'description': '24h verfügbar', 'emergency': 'defibrillator', 'emergency:phone': '144', 'indoor': 'no', 'opening_hours': '24/7', 'operator': 'Privat', 'phone': '+41763054171', 'id': 'node/9508202117'}, 'geometry': {'type': 'Point', 'coordinates': [9.2798365, 47.314303699999996]}}"
FeatureCollection,"{'type': 'Feature', 'id': 'node/9570922164', 'properties': {'access': 'no', 'defibrillator:location': 'In der Wohnung Dachgeschoss bei säntis-härzstart.ch', 'description': '24h verfügbar', 'emergency': 'defibrillator', 'emergency:phone': '144', 'indoor': 'yes', 'opening_hours': '24/7', 'operator': 'säntis-härzstart.ch / Susanne Koller', 'phone': '+41 79 554 24 13', 'id': 'node/9570922164'}, 'geometry': {'type': 'Point', 'coordinates': [9.2746228, 47.3096871]}}"
FeatureCollection,"{'type': 'Feature', 'id': 'node/9591617736', 'properties': {'access': 'no', 'defibrillator:location': 'Im Feuerwehrdepot auf dem Samariteranhänger auf der Seite der Deichsel rechts', 'description': 'während Öffnungszeiten verfügbar', 'emergency': 'defibrillator', 'emergency:phone': '144', 'indoor': 'yes', 'operator': 'Samariterverein Trogen', 'id': 'node/9591617736'}, 'geometry': {'type': 'Point', 'coordinates': [9.4653332, 47.4094104]}}"
FeatureCollection,"{'type': 'Feature', 'id': 'node/9604794918', 'properties': {'access': 'yes', 'defibrillator:location': 'Beim Eingang des Haupthauses', 'description': '24h verfügbar', 'emergency': 'defibrillator', 'emergency:phone': '144', 'indoor': 'yes', 'opening_hours': '24/7', 'operator': 'Bad Sonder, St.Gallisches Sonderschulheim', 'phone': '+41 71 355 75 00', 'id': 'node/9604794918'}, 'geometry': {'type': 'Point', 'coordinates': [9.3859076, 47.3968686]}}"
FeatureCollection,"{'type': 'Feature', 'id': 'node/9625603389', 'properties': {'access': 'yes', 'defibrillator:location': 'Eingang Sporthalle Hermoos 9', 'emergency': 'defibrillator', 'emergency:phone': '144', 'indoor': 'no', 'opening_hours': '24/7', 'operator': 'Gemeinde Bühler, Peter Aemisegger', 'phone': '+41 71 791 70 27', 'id': 'node/9625603389'}, 'geometry': {'type': 'Point', 'coordinates': [9.423928, 47.3716879]}}"
FeatureCollection,"{'type': 'Feature', 'id': 'node/9625714739', 'properties': {'access': 'yes', 'defibrillator:location': 'Erdgeschoss, Haupteingang (östlich) von Waldeggstrasse her, Seitlich an den Bewohnerbriefkästen', 'description': 'während Öffnungszeiten verfügbar', 'emergency': 'defibrillator', 'emergency:phone': '144', 'indoor': 'yes', 'opening_hours': 'Mo-Sa 06:00-18:00', 'operator': 'Stiftung Altersbetreuung / Marcel Krähemann', 'phone': '+41713547575', 'id': 'node/9625714739'}, 'geometry': {'type': 'Point', 'coordinates': [9.294270000000001, 47.3920361]}}"
FeatureCollection,"{'type': 'Feature', 'id': 'node/9625734328', 'properties': {'access': 'yes', 'defibrillator:location': 'Erdgeschoss, Treppenhaus zu Tiefgarage Haus Park, Kasernenstrasse 91', 'description': '24h verfügbar', 'emergency': 'defibrillator', 'emergency:phone': '144', 'indoor': 'yes', 'opening_hours': '24/7', 'operator': 'Stiftung Altersbetreuung / Marcel Krähemann', 'phone': '+41713547575', 'id': 'node/9625734328'}, 'geometry': {'type': 'Point', 'coordinates': [9.2937764, 47.3919598]}}"
FeatureCollection,"{'type': 'Feature', 'id': 'node/9625734329', 'properties': {'access': 'yes', 'defibrillator:location': 'Erdgeschoss, Haupteingang, rechts neben den Bewohnerbriefkästen', 'description': 'während Öffnungszeiten verfügbar', 'emergency': 'defibrillator', 'emergency:phone': '144', 'indoor': 'yes', 'opening_hours': 'Mo-Su 08:00-18:00', 'operator': 'Stiftung Altersbetreuung / Marcel Krähemann', 'phone': '+41713547575', 'id': 'node/9625734329'}, 'geometry': {'type': 'Point', 'coordinates': [9.2803118, 47.3874873]}}"
FeatureCollection,"{'type': 'Feature', 'id': 'node/9625734330', 'properties': {'access': 'yes', 'defibrillator:location': 'Haupteingang Erdgeschoss, bei Treppe , unterhalb des gelben Briefkasten', 'description': 'während Öffnungszeiten verfügbar', 'emergency': 'defibrillator', 'emergency:phone': '144', 'indoor': 'yes', 'opening_hours': 'Mo-Su 09:00-18:00', 'operator': 'Stiftung Altersbetreuung / Marcel Krähemann', 'phone': '+41713547575', 'id': 'node/9625734330'}, 'geometry': {'type': 'Point', 'coordinates': [9.2856789, 47.3835411]}}"
FeatureCollection,"{'type': 'Feature', 'id': 'node/9649197962', 'properties': {'access': 'no', 'defibrillator:location': 'Haupthaus 1. Stock / Empfang', 'description': '24h verfügbar', 'emergency': 'defibrillator', 'emergency:phone': '144', 'indoor': 'yes', 'opening_hours': '24/7', 'id': 'node/9649197962'}, 'geometry': {'type': 'Point', 'coordinates': [9.6047397, 47.4465707]}}"
FeatureCollection,"{'type': 'Feature', 'id': 'node/9669680217', 'properties': {'access': 'yes', 'defibrillator:location': 'Kantonalbank am Schalter', 'description': 'Während Bürozeiten', 'emergency': 'defibrillator', 'emergency:phone': '144', 'indoor': 'yes', 'operator': 'KB', 'id': 'node/9669680217'}, 'geometry': {'type': 'Point', 'coordinates': [9.3911936, 47.3912124]}}"
FeatureCollection,"{'type': 'Feature', 'id': 'node/9790660018', 'properties': {'access': 'no', 'defibrillator:location': 'Turnhalle Kantonsschule Trogen ', 'description': 'Beim Eingang rechts der Treppe', 'emergency': 'defibrillator', 'emergency:phone': '144', 'indoor': 'yes', 'opening_hours': '07:00 - 18:00', 'operator': 'Kantonsschule Trogen', 'id': 'node/9790660018'}, 'geometry': {'type': 'Point', 'coordinates': [9.461553, 47.4110486]}}"
FeatureCollection,"{'type': 'Feature', 'id': 'node/9917845021', 'properties': {'access': 'yes', 'defibrillator:location': 'Verkaufsfläche LIDL', 'description': 'während Öffnungszeiten verfügbar', 'emergency': 'defibrillator', 'emergency:phone': '144', 'indoor': 'yes', 'operator': 'LIDL Schweiz', 'phone': '+41716278074', 'id': 'node/9917845021'}, 'geometry': {'type': 'Point', 'coordinates': [9.2745886, 47.3866338]}}"
FeatureCollection,"{'type': 'Feature', 'id': 'node/10048432426', 'properties': {'access': 'yes', 'emergency': 'defibrillator', 'emergency:phone': '144', 'indoor': 'no', 'opening_hours': '24/7', 'id': 'node/10048432426'}, 'geometry': {'type': 'Point', 'coordinates': [9.286461599999999, 47.3883486]}}"
FeatureCollection,"{'type': 'Feature', 'id': 'node/10099461617', 'properties': {'access': 'no', 'defibrillator:location': 'Zeughaus Herisau / Polizeiposten', 'emergency': 'defibrillator', 'emergency:phone': '144', 'indoor': 'yes', 'opening_hours': '24/7', 'operator': 'Kantonale Verwaltung AR', 'phone': '0713436666', 'id': 'node/10099461617'}, 'geometry': {'type': 'Point', 'coordinates': [9.2810131, 47.3882785]}}"
FeatureCollection,"{'type': 'Feature', 'id': 'node/10108177466', 'properties': {'access': 'yes', 'defibrillator:location': 'Eingang rechts', 'description': 'während Öffnungszeiten verfügbar', 'emergency': 'defibrillator', 'emergency:phone': '144', 'indoor': 'yes', 'opening_hours': 'Mo 08:00-11:30, 14:00-18:00; Tu 08:00-11:30, 14:00-17:00; Th 8:00-11:30, 14:00-17:00; Fr 08:00-16:00', 'operator': 'Gemeinde Herisau', 'phone': '+41 71 354 54 54', 'id': 'node/10108177466'}, 'geometry': {'type': 'Point', 'coordinates': [9.2777563, 47.3851233]}}"
FeatureCollection,"{'type': 'Feature', 'id': 'node/10118325587', 'properties': {'access': 'no', 'defibrillator:location': 'Im Fabrikgebäude VC999 Verpackungssysteme AG, 1.OG', 'description': 'während Öffnungszeiten verfügbar', 'emergency': 'defibrillator', 'emergency:phone': '144', 'indoor': 'yes', 'level': '1', 'opening_hours': 'Mo-Fr 08:00-17:00', 'operator': 'VC999 Verpackungssysteme AG', 'phone': '+41 713535900', 'id': 'node/10118325587'}, 'geometry': {'type': 'Point', 'coordinates': [9.2768329, 47.3908649]}}"
FeatureCollection,"{'type': 'Feature', 'id': 'node/10257884309', 'properties': {'access': 'no', 'defibrillator:location': 'Stiftung Waldheim', 'description': 'Wochentags geöffnet, sonst Tagesverantwortung anrufen', 'emergency': 'defibrillator', 'emergency:phone': '144', 'indoor': 'yes', 'level': 'Wohnheim Erdgeschoss', 'operator': 'Wohnheim', 'id': 'node/10257884309'}, 'geometry': {'type': 'Point', 'coordinates': [9.3882926, 47.3831135]}}"
FeatureCollection,"{'type': 'Feature', 'id': 'node/10271036609', 'properties': {'access': 'no', 'defibrillator:location': 'Luchten  75 Empfang', 'description': 'Während Arbeitszeit verfügbar ', 'emergency': 'defibrillator', 'emergency:phone': '144', 'indoor': 'yes', 'opening_hours': 'Mo-Fr 7:00  - 17:00', 'operator': 'Firma', 'phone': '+41718985060', 'id': 'node/10271036609'}, 'geometry': {'type': 'Point', 'coordinates': [9.5475835, 47.4515605]}}"
FeatureCollection,"{'type': 'Feature', 'id': 'node/10613728305', 'properties': {'access': 'no', 'defibrillator:location': 'Sonnenfeldstrasse 7', 'emergency': 'defibrillator', 'emergency:phone': '144', 'indoor': 'yes', 'opening_hours': 'Mo. - Fr. 7.30 - 21.30, Sa. So. 9.00 - 20.30', 'operator': 'Verein', 'phone': '+41 71 353 95 10', 'source': 'local_knowledge, defikarte.ch', 'id': 'node/10613728305'}, 'geometry': {'type': 'Point', 'coordinates': [9.2902279, 47.3894085]}}"
FeatureCollection,"{'type': 'Feature', 'id': 'node/10613728306', 'properties': {'access': 'no', 'defibrillator:location': 'Untere Harfenbergstrasse 3', 'emergency': 'defibrillator', 'emergency:phone': '144', 'indoor': 'yes', 'opening_hours': 'Mo. - Fr. 7.30 - 21.30, Sa. So. 9.00 - 20.30', 'operator': 'Verein', 'phone': '+41 71 353 95 20', 'source': 'local_knowledge, defikarte.ch', 'id': 'node/10613728306'}, 'geometry': {'type': 'Point', 'coordinates': [9.2850566, 47.3867282]}}"
FeatureCollection,"{'type': 'Feature', 'id': 'node/10613737705', 'properties': {'access': 'no', 'defibrillator:location': 'Schützenstrasse 38W', 'emergency': 'defibrillator', 'emergency:phone': '144', 'indoor': 'yes', 'opening_hours': 'Mo. - Do. 8.00 - 16.00', 'operator': 'Verein', 'phone': '+41 71 353 95 75', 'source': 'local_knowledge, defikarte.ch', 'id': 'node/10613737705'}, 'geometry': {'type': 'Point', 'coordinates': [9.2882913, 47.3934977]}}"
FeatureCollection,"{'type': 'Feature', 'id': 'node/10613739205', 'properties': {'access': 'no', 'defibrillator:location': 'Gossauerstrasse 91', 'emergency': 'defibrillator', 'emergency:phone': '144', 'indoor': 'yes', 'level': '1', 'opening_hours': 'Mo. - Fr. 7.30 - 21.30, Sa. So. 9.00 - 20.30', 'operator': 'Verein', 'phone': '+41 71 353 95 40', 'source': 'local_knowledge, defikarte.ch', 'id': 'node/10613739205'}, 'geometry': {'type': 'Point', 'coordinates': [9.2717099, 47.3916747]}}"
FeatureCollection,"{'type': 'Feature', 'id': 'node/10763310570', 'properties': {'access': 'no', 'defibrillator:location': 'Bei Anlieferung', 'description': 'oranger Koffer', 'emergency': 'defibrillator', 'emergency:phone': '144', 'indoor': 'yes', 'latitude': '47.44457', 'longitude': '9.53929', 'name': 'Bach Heiden AG', 'opening_hours': 'Mo-Th 07:00-12:00, 13:15-17:00; Fr 07:00-12:00, 13:15-16:00', 'operator': 'Lifetec AG Schweiz', 'phone': '+41 800 122 144', 'id': 'node/10763310570'}, 'geometry': {'type': 'Point', 'coordinates': [9.53929, 47.44457]}}"
FeatureCollection,"{'type': 'Feature', 'id': 'node/10781853605', 'properties': {'access': 'no', 'defibrillator:location': '9102 Herisau, Kasernenstrasse 1', 'description': 'während Banköffnungszeiten', 'emergency': 'defibrillator', 'emergency:phone': '144', 'indoor': 'yes', 'opening_hours': 'MO-FR 09:00 - 12:00, 14:00 - 17:00 Uhr', 'operator': 'St.Galler Kantonalbank AG', 'phone': '+41 71 231 39 41', 'source': 'local_knowledge, defikarte.ch', 'id': 'node/10781853605'}, 'geometry': {'type': 'Point', 'coordinates': [9.2804217, 47.3858711]}}"
FeatureCollection,"{'type': 'Feature', 'id': 'node/10781966705', 'properties': {'access': 'no', 'defibrillator:location': '9053 Teufen, Speicherstrasse 10', 'description': 'während Banköffnungszeiten', 'emergency': 'defibrillator', 'emergency:phone': '144', 'indoor': 'yes', 'opening_hours': 'MO-FR 09:00 - 11:30, 14:00 - 17:00 Uhr', 'operator': 'St.Galler Kantonalbank AG', 'phone': '+41 71 231 39 41', 'source': 'local_knowledge, defikarte.ch', 'id': 'node/10781966705'}, 'geometry': {'type': 'Point', 'coordinates': [9.3911862, 47.3912062]}}"
